trading_date,fear_greed_raw,fear_greed_z,fear_greed_z_lag
2020-01-02,63.99384615384616,0.0,
2020-01-03,51.85016129032258,0.0,0.0
2020-01-06,65.72880952380953,0.0,0.0
2020-01-07,65.43367647058822,0.0,0.0
2020-01-08,65.17515151515153,0.45996785392389006,0.0
2020-01-09,66.93124999999999,0.6649643849336561,0.45996785392389006
2020-01-10,62.581071428571434,-0.10064811898869513,0.6649643849336561
2020-01-13,71.32171052631578,1.288870203448173,-0.10064811898869513
2020-01-14,70.33560606060605,0.982542806147924,1.288870203448173
2020-01-15,62.62878378378378,-0.36872490292466503,0.982542806147924
2020-01-16,68.92662162162162,0.7521276801434172,-0.36872490292466503
2020-01-17,70.69807692307693,0.995730114542078,0.7521276801434172
2020-01-21,66.12466666666667,0.1206052977237763,0.995730114542078
2020-01-22,61.46875000000001,-0.7587304194211019,0.1206052977237763
2020-01-23,59.37641304347826,-1.090556703850397,-0.7587304194211019
2020-01-24,67.13175,0.4412838472015432,-1.090556703850397
2020-01-27,54.97325581395349,-1.7754444468058057,0.4412838472015432
2020-01-28,62.51320512820513,-0.3436379389768209,-1.7754444468058057
2020-01-29,65.23625,0.1786717040685735,-0.3436379389768209
2020-01-30,61.31525,-0.5816335218748551,0.1786717040685735
2020-01-31,62.8309756097561,-0.26787734287872345,-0.5816335218748551
2020-02-03,66.6275,0.49036093663750985,-0.26787734287872345
2020-02-04,66.49329545454546,0.3918883574273001,0.49036093663750985
2020-02-05,65.91102564102565,0.24215853542875673,0.3918883574273001
2020-02-06,72.10952380952381,1.6089255944260266,0.24215853542875673
2020-02-07,65.85378378378378,0.1292586015334355,1.6089255944260266
2020-02-10,64.04220930232557,-0.2650077767292603,0.1292586015334355
2020-02-11,68.32536585365854,0.6783555731396818,-0.2650077767292603
2020-02-12,63.89142857142858,-0.29553387731448516,0.6783555731396818
2020-02-13,64.17613636363636,-0.15970562905490693,-0.29553387731448516
2020-02-14,67.10797297297297,0.5443104018478148,-0.15970562905490693
2020-02-18,67.9068888888889,0.7729365258228288,0.5443104018478148
2020-02-19,64.922,0.06679381792296671,0.7729365258228288
2020-02-20,67.19371794871795,0.6812721170704688,0.06679381792296671
2020-02-21,59.5295,-1.373493553616092,0.6812721170704688
2020-02-24,55.97800000000001,-2.1128186900960393,-1.373493553616092
2020-02-25,62.85569767441861,-0.35584986428586857,-2.1128186900960393
2020-02-26,67.37190476190476,0.7321052233277572,-0.35584986428586857
2020-02-27,61.82445652173914,-0.8723347547311894,0.7321052233277572
2020-02-28,47.33627906976744,-3.2373580047441077,-0.8723347547311894
2020-03-02,66.87147727272728,0.5108172100209726,-3.2373580047441077
2020-03-03,62.2069512195122,-0.3900394155648779,0.5108172100209726
2020-03-04,78.09102272727273,2.2354608294189657,-0.3900394155648779
2020-03-05,64.02616279069767,-0.1038793290126803,2.2354608294189657
2020-03-06,58.10486486486487,-1.0095059424954442,-0.1038793290126803
2020-03-09,45.86173913043478,-2.4375536557788204,-1.0095059424954442
2020-03-10,55.53976744186046,-0.9722986744085556,-2.4375536557788204
2020-03-11,62.31397727272727,-0.018840001597929073,-0.9722986744085556
2020-03-12,48.23920454545455,-1.7254526380624948,-0.018840001597929073
2020-03-13,56.55707317073171,-0.5930838589528179,-1.7254526380624948
2020-03-16,49.37855555555555,-1.364091064215298,-0.5930838589528179
2020-03-17,58.732142857142854,-0.16413518389471604,-1.364091064215298
2020-03-18,53.15780487804878,-0.7832475242848977,-0.16413518389471604
2020-03-19,52.606315789473676,-0.7766644507188749,-0.7832475242848977
2020-03-20,60.406499999999994,0.2574328066907025,-0.7766644507188749
2020-03-23,56.23840425531915,-0.2641830301838674,0.2574328066907025
2020-03-24,73.87647727272727,1.758701231595786,-0.2641830301838674
2020-03-25,70.87939024390244,1.3010005666349407,1.758701231595786
2020-03-26,71.47945652173912,1.3130547978048646,1.3010005666349407
2020-03-27,79.6824358974359,1.9184637430436184,1.3130547978048646
2020-03-30,63.40833333333333,0.21983161825071798,1.9184637430436184
2020-03-31,53.239186046511634,-0.7754372868228012,0.21983161825071798
2020-04-01,60.94693181818182,0.03541305382243929,-0.7754372868228012
2020-04-02,55.610119047619044,-0.449244068803708,0.03541305382243929
2020-04-03,58.043625,-0.1391801226822154,-0.449244068803708
2020-04-06,80.54772727272727,2.0552904368943343,-0.1391801226822154
2020-04-07,78.86869565217391,1.689132316812955,2.0552904368943343
2020-04-08,77.59988095238096,1.3964182724031142,1.689132316812955
2020-04-09,74.56053191489362,1.0221351727824741,1.3964182724031142
2020-04-13,57.59369565217391,-0.6183622428341432,1.0221351727824741
2020-04-14,77.37426829268293,1.174831738315563,-0.6183622428341432
2020-04-15,64.63777777777777,-0.10580191102993015,1.174831738315563
2020-04-16,72.80045454545454,0.6488065055217149,-0.10580191102993015
2020-04-17,71.0075581395349,0.3999817966617488,0.6488065055217149
2020-04-20,55.631847826086954,-1.2628188769404953,0.3999817966617488
2020-04-21,41.92936170212766,-2.2862345021222956,-1.2628188769404953
2020-04-22,66.03818181818181,-0.08613509762609417,-2.2862345021222956
2020-04-23,72.46380434782608,0.5356597287774292,-0.08613509762609417
2020-04-24,51.611282051282046,-1.3156535764496495,0.5356597287774292
2020-04-27,69.55377551020409,0.33966159921638667,-1.3156535764496495
2020-04-28,68.61466666666666,0.31460165477889995,0.33966159921638667
2020-04-29,74.17329545454545,0.7865927271686455,0.31460165477889995
2020-04-30,63.683085106382975,-0.2612411988212771,0.7865927271686455
2020-05-01,46.806022727272726,-1.7141638553312726,-0.2612411988212771
2020-05-04,59.069680851063836,-0.6224855010912264,-1.7141638553312726
2020-05-05,72.71217391304347,0.5707599343490052,-0.6224855010912264
2020-05-06,64.28904761904762,-0.1425661037453063,0.5707599343490052
2020-05-07,69.33035714285715,0.4048275033378265,-0.1425661037453063
2020-05-08,64.95100000000001,0.02568679303245769,0.4048275033378265
2020-05-11,67.53695652173913,0.3409219269718512,0.02568679303245769
2020-05-12,55.54749999999999,-0.9314556406002863,0.3409219269718512
2020-05-13,64.83568181818183,0.1304585135423568,-0.9314556406002863
2020-05-14,65.95438775510203,0.24905893391054426,0.1304585135423568
2020-05-15,60.82927083333334,-0.2702285134787447,0.24905893391054426
2020-05-18,76.75106382978724,1.4777117800024238,-0.2702285134787447
2020-05-19,62.77038461538462,-0.114735717908063,1.4777117800024238
2020-05-20,64.62904761904763,-0.032353661614174335,-0.114735717908063
2020-05-21,60.54377777777778,-0.5540324099752326,-0.032353661614174335
2020-05-22,58.5073076923077,-0.7532877366485885,-0.5540324099752326
2020-05-26,77.07045454545454,1.6616916757292703,-0.7532877366485885
2020-05-27,66.041125,0.14887840360080976,1.6616916757292703
2020-05-28,63.779148936170216,-0.1379065928127742,0.14887840360080976
2020-05-29,66.694875,0.3407878583153439,-0.1379065928127742
2020-06-01,61.914886363636356,-0.354486515748026,0.3407878583153439
2020-06-02,69.84059523809523,0.7998606388509741,-0.354486515748026
2020-06-03,72.80475609756097,1.2114277246037377,0.7998606388509741
2020-06-04,64.413,-0.234207315208863,1.2114277246037377
2020-06-05,76.66569444444444,1.7767419610620407,-0.234207315208863
2020-06-08,66.7159756097561,0.10018757337301101,1.7767419610620407
2020-06-09,69.05749999999999,0.46691691986979966,0.10018757337301101
2020-06-10,60.40234375,-0.9347907482035606,0.46691691986979966
2020-06-11,62.124523809523815,-0.7514288467255161,-0.9347907482035606
2020-06-12,56.55196969696969,-1.5726331147103616,-0.7514288467255161
2020-06-15,62.736969696969695,-0.5038357307537283,-1.5726331147103616
2020-06-16,65.67838235294118,-0.05219682785844706,-0.5038357307537283
2020-06-17,52.166999999999994,-2.081681122870888,-0.05219682785844706
2020-06-18,59.54041666666667,-0.8298760267151094,-2.081681122870888
2020-06-19,57.13774193548387,-1.1223951006038573,-0.8298760267151094
2020-06-22,61.93109375,-0.3840494871307687,-1.1223951006038573
2020-06-23,64.2326923076923,-0.06607671804837217,-0.3840494871307687
2020-06-24,45.98378787878788,-2.534884873537284,-0.06607671804837217
2020-06-25,55.92783333333333,-0.9758922214080702,-2.534884873537284
2020-06-26,55.39648148148149,-0.9707116906950336,-0.9758922214080702
2020-06-29,63.93774193548387,0.25413116935523483,-0.9707116906950336
2020-06-30,64.62828125,0.33298599451766153,0.25413116935523483
2020-07-01,56.400441176470586,-0.7547841437622478,0.33298599451766153
2020-07-02,62.76421875,0.24795336029784015,-0.7547841437622478
2020-07-06,59.75175,-0.18486029974859686,0.24795336029784015
2020-07-07,62.791538461538465,0.4694844805498997,-0.18486029974859686
2020-07-08,59.40096774193548,-0.10293289283425042,0.4694844805498997
2020-07-09,62.78951612903225,0.6637031790547957,-0.10293289283425042
2020-07-10,57.38890624999999,-0.4394514937259879,0.6637031790547957
2020-07-13,62.874861111111116,0.6977766827001752,-0.4394514937259879
2020-07-14,62.409677419354836,0.5440699124001285,0.6977766827001752
2020-07-15,67.04735294117647,1.405013417018519,0.5440699124001285
2020-07-16,59.13279411764706,-0.11655048923884952,1.405013417018519
2020-07-17,51.74303571428571,-1.6278105458963659,-0.11655048923884952
2020-07-20,61.87636363636364,0.4264517232974805,-1.6278105458963659
2020-07-21,75.1853125,2.467622586251323,0.4264517232974805
2020-07-22,64.16583333333334,0.5748220272191101,2.467622586251323
2020-07-23,55.317368421052635,-0.836270108927356,0.5748220272191101
2020-07-24,59.34916666666666,-0.32169541099567683,-0.836270108927356
2020-07-27,61.23083333333334,0.002580812466421503,-0.32169541099567683
2020-07-28,65.48870370370369,0.7920962791685204,0.002580812466421503
2020-07-29,62.22231707317073,0.1271691563714337,0.7920962791685204
2020-07-30,61.15162790697675,-0.06368727420361153,0.1271691563714337
2020-07-31,60.02946428571428,-0.348269378876067,-0.06368727420361153
2020-08-03,62.513461538461534,0.1968754399430484,-0.348269378876067
2020-08-04,57.69542857142858,-0.8230653506269211,0.1968754399430484
2020-08-05,62.67700000000001,0.2517925701719027,-0.8230653506269211
2020-08-06,66.90833333333333,1.0601414451179008,0.2517925701719027
2020-08-07,65.47607142857143,0.722686982838412,1.0601414451179008
2020-08-10,66.03054054054054,0.7593280948251958,0.722686982838412
2020-08-11,66.40589285714286,0.789687306061463,0.7593280948251958
2020-08-12,56.04030303030303,-1.2318700198870016,0.789687306061463
2020-08-13,47.99741935483871,-2.3003351881842735,-1.2318700198870016
2020-08-14,59.11705882352941,-0.3864946226837189,-2.3003351881842735
2020-08-17,62.44756756756756,0.10689388919046994,-0.3864946226837189
2020-08-18,60.43625,-0.253899850493063,0.10689388919046994
2020-08-19,64.0323076923077,0.6166523790298961,-0.253899850493063
2020-08-20,61.262307692307694,0.028827552538043155,0.6166523790298961
2020-08-21,63.158500000000004,0.38953495435737534,0.028827552538043155
2020-08-24,64.04083333333334,0.544523792967693,0.38953495435737534
2020-08-25,59.27,-0.554087595272894,0.544523792967693
2020-08-26,63.40882352941176,0.4447635797631364,-0.554087595272894
2020-08-27,58.90430555555556,-0.5842836628446296,0.4447635797631364
2020-08-28,56.73384615384616,-1.0178849188677477,-0.5842836628446296
2020-08-31,64.9685,0.8047346272660837,-1.0178849188677477
2020-09-01,59.44258064516129,-0.4093285909743019,0.8047346272660837
2020-09-02,64.11066666666667,0.5782103659547438,-0.4093285909743019
2020-09-03,69.16362068965518,1.5504288363807845,0.5782103659547438
2020-09-04,54.709375,-1.371315142341349,1.5504288363807845
2020-09-08,59.70512820512821,-0.27858001486950507,-1.371315142341349
2020-09-09,60.77041666666667,0.000552494573580883,-0.27858001486950507
2020-09-10,59.325,-0.25169423212652486,0.000552494573580883
2020-09-11,51.759642857142865,-1.8031353821021334,-0.25169423212652486
2020-09-14,62.96338709677419,0.533073939224612,-1.8031353821021334
2020-09-15,56.234482758620686,-1.1664412907028585,0.533073939224612
2020-09-16,65.42,1.1105834242667285,-1.1664412907028585
2020-09-17,66.3796875,1.2273834119556073,1.1105834242667285
2020-09-18,56.46928571428571,-1.0299952153976477,1.2273834119556073
2020-09-21,53.34548387096773,-1.5627707717673012,-1.0299952153976477
2020-09-22,68.53586206896551,1.5998197781815389,-1.5627707717673012
2020-09-23,59.84666666666667,-0.14530410330802676,1.5998197781815389
2020-09-24,62.0587037037037,0.28659873322857754,-0.14530410330802676
2020-09-25,50.70395833333333,-1.7900633859256394,0.28659873322857754
2020-09-28,68.4625,1.4334491544350907,-1.7900633859256394
2020-09-29,67.42633333333333,1.1289695485601559,1.4334491544350907
2020-09-30,67.36779411764707,1.078131402580603,1.1289695485601559
2020-10-01,62.49384615384616,0.20772944719425088,1.078131402580603
2020-10-02,66.75230769230768,0.9107838351394756,0.20772944719425088
2020-10-05,72.14957142857142,1.7407440830960055,0.9107838351394756
2020-10-06,60.33116666666667,-0.2553194300865572,1.7407440830960055
2020-10-07,68.9582,1.102967413274867,-0.2553194300865572
2020-10-08,62.1496551724138,-0.031408265472012385,1.102967413274867
2020-10-09,64.94388888888889,0.387194153323028,-0.031408265472012385
2020-10-12,69.82357142857143,1.1173156343276802,0.387194153323028
2020-10-13,54.41583333333333,-1.4353565944394195,1.1173156343276802
2020-10-14,67.29171875,0.6303191937801886,-1.4353565944394195
2020-10-15,72.7796875,1.425532554571417,0.6303191937801886
2020-10-16,71.9422,1.204277289186772,1.425532554571417
2020-10-19,69.2945945945946,0.715596731872622,1.204277289186772
2020-10-20,68.4512,0.5099283267383439,0.715596731872622
2020-10-21,63.170625,-0.36932129322567214,0.5099283267383439
2020-10-22,58.87083333333334,-1.1053954828121764,-0.36932129322567214
2020-10-23,73.6686,1.3172388396833383,-1.1053954828121764
2020-10-26,62.377435897435895,-0.7967828244100945,1.3172388396833383
2020-10-27,53.64828125,-2.117855842846328,-0.7967828244100945
2020-10-28,61.23771428571428,-0.716757379861966,-2.117855842846328
2020-10-29,58.099342105263155,-1.149920026155265,-0.716757379861966
2020-10-30,61.2759375,-0.5996846249115831,-1.149920026155265
2020-11-02,61.98635135135135,-0.44088851979592125,-0.5996846249115831
2020-11-03,64.842,0.10123271953992626,-0.44088851979592125
2020-11-04,66.66062500000001,0.37062037075907056,0.10123271953992626
2020-11-05,61.97486842105263,-0.4044167191614677,0.37062037075907056
2020-11-06,63.420428571428566,-0.1568996540613872,-0.4044167191614677
2020-11-09,68.46105263157895,0.7089809796199075,-0.1568996540613872
2020-11-10,58.8010294117647,-0.9121769699023591,0.7089809796199075
2020-11-11,62.76306451612903,-0.3019753418062759,-0.9121769699023591
2020-11-12,69.30057142857143,0.9228754012156622,-0.3019753418062759
2020-11-13,63.528965517241375,-0.09356902103234237,0.9228754012156622
2020-11-16,69.181375,1.1254735579987487,-0.09356902103234237
2020-11-17,61.197500000000005,-0.4953008829837481,1.1254735579987487
2020-11-18,65.925625,0.5734837382486381,-0.4953008829837481
2020-11-19,58.671470588235294,-0.9703641052463655,0.5734837382486381
2020-11-20,60.02392857142858,-0.6955271699794882,-0.9703641052463655
2020-11-23,66.3603947368421,0.8888924979880707,-0.6955271699794882
2020-11-24,57.234032258064516,-1.2959171867268682,0.8888924979880707
2020-11-25,65.4595,0.6319855212682783,-1.2959171867268682
2020-11-27,64.74692307692308,0.3913067077094918,0.6319855212682783
2020-11-30,63.12692307692308,-0.12915747759890447,0.3913067077094918
2020-12-01,66.1185,0.6778656867454887,-0.12915747759890447
2020-12-02,64.12617647058823,0.06624276162741699,0.6778656867454887
2020-12-03,66.62407407407407,0.7661898584137435,0.06624276162741699
2020-12-04,62.035,-0.5073822877949283,0.7661898584137435
2020-12-07,67.50383333333333,0.9988527192930143,-0.5073822877949283
2020-12-08,60.34125,-0.9920940022242984,0.9988527192930143
2020-12-09,59.18863636363636,-1.1984438628635936,-0.9920940022242984
2020-12-10,67.93728571428571,1.1568407671518166,-1.1984438628635936
2020-12-11,53.569871794871794,-2.3676048159041434,1.1568407671518166
2020-12-14,66.155,0.7166558088138545,-2.3676048159041434
2020-12-15,70.35716666666667,1.5727864209027214,0.7166558088138545
2020-12-16,64.86910714285715,0.3556973136689515,1.5727864209027214
2020-12-17,69.37071428571429,1.3048656034457213,0.3556973136689515
2020-12-18,66.079375,0.53206529261958,1.3048656034457213
2020-12-21,64.16363636363637,0.023692788222007034,0.53206529261958
2020-12-22,51.87500000000001,-2.4426176939152437,0.023692788222007034
2020-12-23,64.7955357142857,0.24826291106268464,-2.4426176939152437
2020-12-24,71.21386363636364,1.4340969995554154,0.24826291106268464
2020-12-28,71.18955882352942,1.3113766898370174,1.4340969995554154
2020-12-29,57.26425925925926,-1.3032596382237238,1.3113766898370174
2020-12-30,63.32241935483871,-0.1643974342011365,-1.3032596382237238
2020-12-31,70.89913793103449,1.1785471747912912,-0.1643974342011365
2021-01-04,69.07183333333333,0.789950922219907,1.1785471747912912
2021-01-05,64.14552631578947,-0.07089581178706464,0.789950922219907
2021-01-06,68.12193548387097,0.5887543779338399,-0.07089581178706464
2021-01-07,59.23891891891891,-0.9145372236492417,0.5887543779338399
2021-01-08,60.86140625,-0.6353923197694806,-0.9145372236492417
2021-01-11,61.30141025641026,-0.5837447590063723,-0.6353923197694806
2021-01-12,61.665000000000006,-0.46700691588326865,-0.5837447590063723
2021-01-13,66.53469696969697,0.33015290612257736,-0.46700691588326865
2021-01-14,62.78206896551723,-0.386002167057417,0.33015290612257736
2021-01-15,68.2539705882353,0.7381995285122107,-0.386002167057417
2021-01-19,63.603815789473686,-0.19400016188168523,0.7381995285122107
2021-01-20,57.73818181818182,-1.250380100222531,-0.19400016188168523
2021-01-21,50.4275,-2.2156777313105076,-1.250380100222531
2021-01-22,58.66714285714286,-0.7375833728860738,-2.2156777313105076
2021-01-25,66.529,0.5313796558677039,-0.7375833728860738
2021-01-26,69.2321875,0.9747289694991781,0.5313796558677039
2021-01-27,62.074393939393936,-0.26839585915430697,0.9747289694991781
2021-01-28,65.48397435897436,0.46328372928229344,-0.26839585915430697
2021-01-29,57.732000000000006,-1.12045277583418,0.46328372928229344
2021-02-01,65.38048780487806,0.41826648074206935,-1.12045277583418
2021-02-02,66.09787878787878,0.6451578445263767,0.41826648074206935
2021-02-03,62.02969696969697,-0.163285674759705,0.6451578445263767
2021-02-04,58.1466129032258,-0.9498701742068882,-0.163285674759705
2021-02-05,54.880833333333335,-1.4976419115755655,-0.9498701742068882
2021-02-08,61.562638888888884,-0.08438890836762589,-1.4976419115755655
2021-02-09,61.26396551724138,-0.1534677301045007,-0.08438890836762589
2021-02-10,58.39068965517241,-0.7368740785171446,-0.1534677301045007
2021-02-11,59.480135135135136,-0.4784493091655042,-0.7368740785171446
2021-02-12,60.43764705882353,-0.2186964684619591,-0.4784493091655042
2021-02-16,64.36763157894737,0.6191879546188209,-0.2186964684619591
2021-02-17,66.38421875,1.1047782562331263,0.6191879546188209
2021-02-18,62.257,0.20079356492034114,1.1047782562331263
2021-02-19,67.54191176470587,1.24785230947159,0.20079356492034114
2021-02-22,62.957249999999995,0.1417595084918258,1.24785230947159
2021-02-23,65.31819444444444,0.6945494856598695,0.1417595084918258
2021-02-24,51.49554054054054,-2.4256494070050496,0.6945494856598695
2021-02-25,60.893888888888895,-0.1825813202036876,-2.4256494070050496
2021-02-26,53.731562499999995,-1.7165131799336117,-0.1825813202036876
2021-03-01,63.243928571428576,0.4947284132371527,-1.7165131799336117
2021-03-02,57.67016666666667,-0.8045716190675792,0.4947284132371527
2021-03-03,59.68465517241379,-0.27833501378634046,-0.8045716190675792
2021-03-04,56.35935483870968,-0.9789720773901377,-0.27833501378634046
2021-03-05,60.801764705882356,0.1158543899576633,-0.9789720773901377
2021-03-08,63.10828947368421,0.6195131996914102,0.1158543899576633
2021-03-09,56.33714285714285,-1.0689590250720953,0.6195131996914102
2021-03-10,62.65466666666667,0.4878293734494482,-1.0689590250720953
2021-03-11,64.1289393939394,0.8054948797282643,0.4878293734494482
2021-03-12,62.96413793103448,0.4704277414051948,0.8054948797282643
2021-03-15,71.8828947368421,2.179113403936356,0.4704277414051948
2021-03-16,56.036764705882355,-1.1084385457372965,2.179113403936356
2021-03-17,58.98,-0.4515582195789258,-1.1084385457372965
2021-03-18,57.04779411764706,-0.7712377570878897,-0.4515582195789258
2021-03-19,60.44115384615385,-0.04028303268297591,-0.7712377570878897
2021-03-22,61.023666666666664,0.15668754636151783,-0.04028303268297591
2021-03-23,55.86612903225806,-0.9077844517925168,0.15668754636151783
2021-03-24,61.2403448275862,0.33099141150128086,-0.9077844517925168
2021-03-25,59.22161764705882,-0.2368540830212092,0.33099141150128086
2021-03-26,64.84185185185186,1.1013467143509554,-0.2368540830212092
2021-03-29,66.61052631578947,1.410893815511232,1.1013467143509554
2021-03-30,61.61151515151515,0.18364885097330774,1.410893815511232
2021-03-31,63.80530303030303,0.6658592325524239,0.18364885097330774
2021-04-01,54.44141025641026,-1.540467626662268,0.6658592325524239
2021-04-05,76.49657142857143,2.7702776262539253,-1.540467626662268
2021-04-06,60.14983333333333,-0.3221394225144358,2.7702776262539253
2021-04-07,57.01620689655172,-0.8452720411425105,-0.3221394225144358
2021-04-08,63.22410256410256,0.2540751718290004,-0.8452720411425105
2021-04-09,64.72948275862069,0.5185021310036148,0.2540751718290004
2021-04-12,68.08185714285713,1.08658143950308,0.5185021310036148
2021-04-13,68.48566666666667,1.078589984428205,1.08658143950308
2021-04-14,60.60583333333334,-0.2503934862909624,1.078589984428205
2021-04-15,59.94515625,-0.4265122545349637,-0.2503934862909624
2021-04-16,64.7801923076923,0.48244154857523175,-0.4265122545349637
2021-04-19,60.760135135135144,-0.3656511047574084,0.48244154857523175
2021-04-20,65.1128125,0.4813898363610377,-0.3656511047574084
2021-04-21,61.36631578947369,-0.2902268242219804,0.4813898363610377
2021-04-22,64.90583333333333,0.36646011295351866,-0.2902268242219804
2021-04-23,65.8421875,0.5203118665423887,0.36646011295351866
2021-04-26,67.3403947368421,0.765072231668636,0.5203118665423887
2021-04-27,65.7040625,0.3996969159085611,0.765072231668636
2021-04-28,63.50081081081081,-0.04566997620064585,0.3996969159085611
2021-04-29,64.93142857142857,0.233379187291632,-0.04566997620064585
2021-04-30,66.056,0.4541551456871994,0.233379187291632
2021-05-03,66.163875,0.4031086514715407,0.4541551456871994
2021-05-04,63.67542857142857,-0.08312493565200574,0.4031086514715407
2021-05-05,65.87986111111111,0.5862580714955596,-0.08312493565200574
2021-05-06,63.745,-0.3264371019043679,0.5862580714955596
2021-05-07,52.89458333333334,-3.2136168106245147,-0.3264371019043679
2021-05-10,64.2625,0.07531763000832603,-3.2136168106245147
2021-05-11,56.576551724137936,-1.8662319361776725,0.07531763000832603
2021-05-12,64.533,0.36079070290054066,-1.8662319361776725
2021-05-13,58.141851851851854,-1.373844027658104,0.36079070290054066
2021-05-14,57.196999999999996,-1.5274891324885038,-1.373844027658104
2021-05-17,63.279117647058825,0.08786205068803897,-1.5274891324885038
2021-05-18,54.71533333333334,-1.9028335526459423,0.08786205068803897
2021-05-19,56.61354166666667,-1.3015242364135213,-1.9028335526459423
2021-05-20,66.88903225806452,0.9841191199982229,-1.3015242364135213
2021-05-21,63.412812499999994,0.2191208801939307,0.9841191199982229
2021-05-24,67.12907894736843,1.0334319228533904,0.2191208801939307
2021-05-25,64.6065,0.5110427665590466,1.0334319228533904
2021-05-26,63.8821875,0.3693052466197735,0.5110427665590466
2021-05-27,66.33371428571428,0.8893902925925794,0.3693052466197735
2021-05-28,68.27742857142857,1.251692621378611,0.8893902925925794
2021-06-01,72.19902777777779,1.878856745441012,1.251692621378611
2021-06-02,68.62632352941176,1.1106774991403645,1.878856745441012
2021-06-03,61.782875000000004,-0.2208337411322617,1.1106774991403645
2021-06-04,68.36793103448275,1.0327336753891692,-0.2208337411322617
2021-06-07,63.92776315789474,0.17322140919098736,1.0327336753891692
2021-06-08,61.804,-0.35560888679160096,0.17322140919098736
2021-06-09,61.667307692307695,-0.3575120728741779,-0.35560888679160096
2021-06-10,61.25881578947369,-0.5191992035735303,-0.3575120728741779
2021-06-11,61.15910714285714,-0.5026967452778103,-0.5191992035735303
2021-06-14,63.95447368421052,0.06631674605808853,-0.5026967452778103
2021-06-15,61.755806451612905,-0.5271305300726603,0.06631674605808853
2021-06-16,63.72428571428571,-0.04567702472116967,-0.5271305300726603
2021-06-17,57.21031250000001,-1.8001762592045853,-0.04567702472116967
2021-06-18,64.24893939393938,-0.04206427095332066,-1.8001762592045853
2021-06-21,68.01458333333333,1.0392320813572336,-0.04206427095332066
2021-06-22,51.349374999999995,-2.8016587213636335,1.0392320813572336
2021-06-23,61.189821428571435,-0.5399922001986367,-2.8016587213636335
2021-06-24,64.69324324324323,0.24799322192579432,-0.5399922001986367
2021-06-25,62.71862068965517,-0.1839717284530748,0.24799322192579432
2021-06-28,67.35926470588235,0.8419142226429532,-0.1839717284530748
2021-06-29,64.22090909090909,0.19028196173882228,0.8419142226429532
2021-06-30,65.98964285714285,0.7386633923483499,0.19028196173882228
2021-07-01,65.86234375,0.769552029375846,0.7386633923483499
2021-07-02,64.21984375000001,0.30257000549909313,0.769552029375846
2021-07-06,56.57109375,-1.5586655032316483,0.30257000549909313
2021-07-07,63.97466666666667,0.3807798984587622,-1.5586655032316483
2021-07-08,58.55803030303031,-0.9735935110083864,0.3807798984587622
2021-07-09,64.02354838709677,0.39357635860845347,-0.9735935110083864
2021-07-12,67.19500000000001,1.0962037966746703,0.39357635860845347
2021-07-13,61.916250000000005,-0.21855571993699227,1.0962037966746703
2021-07-14,62.8615625,0.02882257570791429,-0.21855571993699227
2021-07-15,56.00388888888889,-1.5103597305492737,0.02882257570791429
2021-07-16,64.42677419354838,0.44738506726021765,-1.5103597305492737
2021-07-19,58.857317073170734,-0.8855311547828086,0.44738506726021765
2021-07-20,63.520468750000006,0.23152688272577493,-0.8855311547828086
2021-07-21,64.38028571428572,0.4972030209253782,0.23152688272577493
2021-07-22,64.0038888888889,0.3255065967209684,0.4972030209253782
2021-07-23,67.87612903225806,1.3897063558223537,0.3255065967209684
2021-07-26,65.18566666666666,0.5640236834510811,1.3897063558223537
2021-07-27,63.89307692307693,0.15632511122527692,0.5640236834510811
2021-07-28,67.03821428571428,1.1184283980222582,0.15632511122527692
2021-07-29,64.44394736842105,0.3258491576869262,1.1184283980222582
2021-07-30,62.6662,-0.1689193839623182,0.3258491576869262
2021-08-02,65.34138888888889,0.6687957459383939,-0.1689193839623182
2021-08-03,69.84071428571428,1.8096746444868599,0.6687957459383939
2021-08-04,56.97720588235294,-1.8623213807937051,1.8096746444868599
2021-08-05,61.701323529411766,-0.4748384619038132,-1.8623213807937051
2021-08-06,59.8545,-1.0421229967298746,-0.4748384619038132
2021-08-09,65.64285714285714,0.6172174580914283,-1.0421229967298746
2021-08-10,58.56548387096774,-1.289011171794572,0.6172174580914283
2021-08-11,59.38,-0.9986682606759933,-1.289011171794572
2021-08-12,63.44529411764705,0.12308677083275944,-0.9986682606759933
2021-08-13,65.39607142857142,0.5981760454654176,0.12308677083275944
2021-08-16,58.89453488372093,-1.2650371354903969,0.5981760454654176
2021-08-17,56.947272727272725,-1.7382583484065877,-1.2650371354903969
2021-08-18,62.07486111111111,-0.2685653150742822,-1.7382583484065877
2021-08-19,63.33673076923076,0.10208043775233903,-0.2685653150742822
2021-08-20,48.63814814814815,-2.8929766610373218,0.10208043775233903
2021-08-23,63.198076923076925,0.2595733574931764,-2.8929766610373218
2021-08-24,60.74224137931034,-0.23846733883282795,0.2595733574931764
2021-08-25,60.068703703703704,-0.34905079412503026,-0.23846733883282795
2021-08-26,59.833666666666666,-0.33713421200563043,-0.34905079412503026
2021-08-27,65.9365,1.0476114350046892,-0.33713421200563043
2021-08-30,63.60528571428572,0.5020143762339916,1.0476114350046892
2021-08-31,56.41765625,-1.0308025690557592,0.5020143762339916
2021-09-01,59.08944444444445,-0.3488299229036207,-1.0308025690557592
2021-09-02,69.263125,1.9131723785563457,-0.3488299229036207
2021-09-03,63.475,0.5414664306184404,1.9131723785563457
2021-09-07,66.0539024390244,1.0411022287340044,0.5414664306184404
2021-09-08,62.15675675675676,0.20592729598814244,1.0411022287340044
2021-09-09,54.900285714285715,-1.3675701694455409,0.20592729598814244
2021-09-10,51.808787878787875,-1.8020147724289424,-1.3675701694455409
2021-09-13,68.4952380952381,1.4463416481731237,-1.8020147724289424
2021-09-14,63.625,0.5330004713862807,1.4463416481731237
2021-09-15,61.38585714285715,0.0748251520605203,0.5330004713862807
2021-09-16,59.68642857142857,-0.2864786402711774,0.0748251520605203
2021-09-17,59.72954545454545,-0.2556155112030842,-0.2864786402711774
2021-09-20,64.95081395348838,0.7550825562582157,-0.2556155112030842
2021-09-21,60.360625,-0.3056431093102974,0.7550825562582157
2021-09-22,59.650365853658535,-0.43270473875368765,-0.3056431093102974
2021-09-23,64.33763888888889,0.6250381962902404,-0.43270473875368765
2021-09-24,58.226666666666674,-0.7707550300895009,0.6250381962902404
2021-09-27,68.39809523809524,1.4064965638195623,-0.7707550300895009
2021-09-28,65.76918918918919,0.8335438033693452,1.4064965638195623
2021-09-29,64.40071428571427,0.5229162316375882,0.8335438033693452
2021-09-30,58.20036585365853,-0.868781215694097,0.5229162316375882
2021-10-01,62.66620689655172,0.09084973907418609,-0.868781215694097
2021-10-04,65.54588235294118,0.8228448440434124,0.09084973907418609
2021-10-05,59.66689189189189,-0.5300973393207394,0.8228448440434124
2021-10-06,63.397741935483864,0.3918216605842759,-0.5300973393207394
2021-10-07,60.203636363636356,-0.3576830873600319,0.3918216605842759
2021-10-08,60.02645161290323,-0.49236721544690404,-0.3576830873600319
2021-10-11,66.50727272727272,1.2046280453387266,-0.49236721544690404
2021-10-12,68.82232142857143,1.9010711383193348,1.2046280453387266
2021-10-13,62.364444444444445,-0.06821538600879955,1.9010711383193348
2021-10-14,66.53546875,1.1092796801609006,-0.06821538600879955
2021-10-15,71.78318181818182,2.2136618256213274,1.1092796801609006
2021-10-18,64.61722222222222,0.2645329147201166,2.2136618256213274
2021-10-19,63.16208333333333,-0.10647581269601165,0.2645329147201166
2021-10-20,60.32930555555556,-0.8745647991527552,-0.10647581269601165
2021-10-21,60.58025,-0.8283631379736323,-0.8745647991527552
2021-10-22,64.35367647058824,0.20748922313573842,-0.8283631379736323
2021-10-25,64.58708333333334,0.1999804174767543,0.20748922313573842
2021-10-26,66.21514285714287,0.7284381574484191,0.1999804174767543
2021-10-27,60.88014285714286,-0.8021577171345069,0.7284381574484191
2021-10-28,65.28171428571429,0.4983641499933485,-0.8021577171345069
2021-10-29,67.92621212121213,1.1873453436849746,0.4983641499933485
2021-11-01,66.14986111111111,0.5869769740501181,1.1873453436849746
2021-11-02,62.813648648648645,-0.3958889678214321,0.5869769740501181
2021-11-03,69.55258064516129,1.5070858852274884,-0.3958889678214321
2021-11-04,69.91236842105263,1.4414982327124233,1.5070858852274884
2021-11-05,68.2315,0.8750142565315315,1.4414982327124233
2021-11-08,59.213414634146346,-1.7420197581269838,0.8750142565315315
2021-11-09,63.73544117647059,-0.3942012137317328,-1.7420197581269838
2021-11-10,53.94233333333334,-2.5382045187700024,-0.3942012137317328
2021-11-11,59.404871794871795,-1.1429437005356962,-2.5382045187700024
2021-11-12,60.504464285714285,-0.8077814619995005,-1.1429437005356962
2021-11-15,69.5357894736842,1.3866638509234126,-0.8077814619995005
2021-11-16,65.45241935483871,0.37934172716183573,1.3866638509234126
2021-11-17,65.24883333333334,0.3051259765018042,0.37934172716183573
2021-11-18,63.777361111111105,-0.09421589753216393,0.3051259765018042
2021-11-19,62.99766666666666,-0.32209080813943136,-0.09421589753216393
2021-11-22,71.07592105263159,1.5339483581014834,-0.32209080813943136
2021-11-23,66.22129032258064,0.36569419427376504,1.5339483581014834
2021-11-24,55.436166666666665,-1.8652458395663856,0.36569419427376504
2021-11-26,51.61483333333333,-2.247730536956248,-1.8652458395663856
2021-11-29,59.366527777777776,-0.7460677931348293,-2.247730536956248
2021-11-30,63.06455882352942,-0.025758875781867387,-0.7460677931348293
2021-12-01,50.53541666666666,-1.9963653560273897,-0.025758875781867387
2021-12-02,62.258378378378374,-0.02915252257179492,-1.9963653560273897
2021-12-03,66.19733333333333,0.6749147236582352,-0.02915252257179492
2021-12-06,68.13355263157894,1.0412238871809545,0.6749147236582352
2021-12-07,66.10055555555554,0.7148070080946332,1.0412238871809545
2021-12-08,59.439705882352946,-0.4737285995845695,0.7148070080946332
2021-12-09,64.86430555555556,0.48177124127898635,-0.4737285995845695
2021-12-10,60.2175,-0.41859409621195415,0.48177124127898635
2021-12-13,65.0845,0.4448195373914485,-0.41859409621195415
2021-12-14,64.56355263157894,0.3110681722162693,0.4448195373914485
2021-12-15,63.990405405405404,0.2633402647841835,0.3110681722162693
2021-12-16,57.849125,-0.8614230704187468,0.2633402647841835
2021-12-17,58.79083333333334,-0.6181097539105365,-0.8614230704187468
2021-12-20,59.480384615384615,-0.443914161024247,-0.6181097539105365
2021-12-21,70.67926470588235,1.546612670373886,-0.443914161024247
2021-12-22,65.42637931034483,0.6846722527865001,1.546612670373886
2021-12-23,63.12144736842106,0.27365805401619153,0.6846722527865001
2021-12-27,72.14848484848486,1.7925896030856876,0.27365805401619153
2021-12-28,61.82546875,-0.24801623583543692,1.7925896030856876
2021-12-29,63.552068965517236,0.07382943274456887,-0.24801623583543692
2021-12-30,67.52432432432433,0.8585569507162848,0.07382943274456887
2021-12-31,63.66870967741936,-0.09961053042304562,0.8585569507162848
2022-01-03,66.75776315789473,0.6604369039025146,-0.09961053042304562
2022-01-04,65.79277777777777,0.41160510123176974,0.6604369039025146
2022-01-05,65.39632352941176,0.3499447565364334,0.41160510123176974
2022-01-06,66.781625,0.7133600255532746,0.3499447565364334
2022-01-07,61.21828571428571,-0.8333878070455678,0.7133600255532746
2022-01-10,72.22353658536585,1.9078111478839561,-0.8333878070455678
2022-01-11,62.60486111111111,-0.5329568219371358,1.9078111478839561
2022-01-12,69.89325,1.2213301932301386,-0.5329568219371358
2022-01-13,72.90950000000001,1.7146990757670946,1.2213301932301386
2022-01-14,64.31583333333333,-0.22955702366370836,1.7146990757670946
2022-01-18,67.33265957446808,0.3785151470980313,-0.22955702366370836
2022-01-19,69.79813953488372,0.9064038598033531,0.3785151470980313
2022-01-20,71.86544444444445,1.343192571884359,0.9064038598033531
2022-01-21,66.22454545454546,-0.12794195298145986,1.343192571884359
2022-01-24,66.56553191489361,-0.048391317059568936,-0.12794195298145986
2022-01-25,64.80767441860465,-0.5715931766530497,-0.048391317059568936
2022-01-26,70.91634146341464,1.2096393744779868,-0.5715931766530497
2022-01-27,73.50163043478261,1.7471378986976482,1.2096393744779868
2022-01-28,65.40860465116279,-0.576413276129084,1.7471378986976482
2022-01-31,69.38882978723404,0.542855351483285,-0.576413276129084
2022-02-01,62.621219512195125,-1.356639200076366,0.542855351483285
2022-02-02,68.66454545454546,0.3172590351427893,-1.356639200076366
2022-02-03,65.31313953488372,-0.6152061372744108,0.3172590351427893
2022-02-04,63.29565789473685,-1.123265337585773,-0.6152061372744108
2022-02-07,67.93267441860465,0.1271856976982008,-1.123265337585773
2022-02-08,75.68214285714285,1.9873101091924013,0.1271856976982008
2022-02-09,68.00890243902438,0.014734034698332104,1.9873101091924013
2022-02-10,62.84733333333333,-1.401111997967758,0.014734034698332104
2022-02-11,60.800595238095234,-1.7082932943784663,-1.401111997967758
2022-02-14,64.088,-0.7945821378911084,-1.7082932943784663
2022-02-15,65.91987804878049,-0.33732686743192253,-0.7945821378911084
2022-02-16,66.34397435897435,-0.21191610053363363,-0.33732686743192253
2022-02-17,58.94404255319149,-1.86691424074129,-0.21191610053363363
2022-02-18,53.81659090909091,-2.4924540191760887,-1.86691424074129
2022-02-22,67.06930232558139,0.262977431976584,-2.4924540191760887
2022-02-23,58.49813953488372,-1.3699805306719255,0.262977431976584
2022-02-24,56.30434210526316,-1.6039053216160761,-1.3699805306719255
2022-02-25,56.550625,-1.400887767294757,-1.6039053216160761
2022-02-28,69.82179487179488,1.067759144774232,-1.400887767294757
2022-03-01,55.04639534883721,-1.5246398269530603,1.067759144774232
2022-03-02,68.07152777777777,0.7991445822325367,-1.5246398269530603
2022-03-03,62.948205128205124,-0.11972164424199175,0.7991445822325367
2022-03-04,63.34726190476191,-0.0031169958327592075,-0.11972164424199175
2022-03-07,61.20452380952381,-0.3590796156569954,-0.0031169958327592075
2022-03-08,62.636315789473684,-0.0915636264111194,-0.3590796156569954
2022-03-09,64.35738095238095,0.2589601569577701,-0.0915636264111194
2022-03-10,61.20141304347826,-0.23824259268366824,0.2589601569577701
2022-03-11,65.71328947368421,0.8062426391410809,-0.23824259268366824
2022-03-14,71.55488372093023,1.8493604875879008,0.8062426391410809
2022-03-15,65.82304878048781,0.6146135148999011,1.8493604875879008
2022-03-16,67.95,0.9880005755410459,0.6146135148999011
2022-03-17,62.940441176470586,0.015417954624183055,0.9880005755410459
2022-03-18,64.11475609756097,0.27665264043595567,0.015417954624183055
2022-03-21,62.193645833333335,-0.1488704186084054,0.27665264043595567
2022-03-22,60.16013513513514,-0.6922951387484283,-0.1488704186084054
2022-03-23,65.8166129032258,0.6096752622961747,-0.6922951387484283
2022-03-24,63.1554054054054,-0.05228638142510382,0.6096752622961747
2022-03-25,67.76985294117648,0.9595648873824297,-0.05228638142510382
2022-03-28,72.62205128205127,1.951714088166866,0.9595648873824297
2022-03-29,62.698604651162796,-0.4221027819994266,1.951714088166866
2022-03-30,70.68791666666667,1.5896415473317913,-0.4221027819994266
2022-03-31,62.255348837209304,-0.7314163896541704,1.5896415473317913
2022-04-01,66.74457142857143,0.4993580733080501,-0.7314163896541704
2022-04-04,65.77023255813954,0.18881882734604874,0.4993580733080501
2022-04-05,61.37772727272728,-1.0782063465156666,0.18881882734604874
2022-04-06,69.10418918918919,1.0420189542849536,-1.0782063465156666
2022-04-07,61.411,-1.0686294766090425,1.0420189542849536
2022-04-08,71.87585714285714,1.6113807620235434,-1.0686294766090425
2022-04-11,69.98150000000001,1.0257867479625369,1.6113807620235434
2022-04-12,66.6352380952381,0.23670293087276378,1.0257867479625369
2022-04-13,68.00486842105263,0.5763282955809648,0.23670293087276378
2022-04-14,65.004125,-0.19732030984053647,0.5763282955809648
2022-04-18,65.1651219512195,-0.18499877469491208,-0.19732030984053647
2022-04-19,62.83228260869566,-0.8026914456478539,-0.18499877469491208
2022-04-20,65.34128205128205,-0.16312864600744204,-0.8026914456478539
2022-04-21,67.03822916666667,0.2363180803449647,-0.16312864600744204
2022-04-22,60.92863636363637,-1.444503564956194,0.2363180803449647
2022-04-25,74.07840425531916,1.9483359591557652,-1.444503564956194
2022-04-26,63.48055555555556,-0.7292839781915113,1.9483359591557652
2022-04-27,65.30702380952381,-0.18660512547798241,-0.7292839781915113
2022-04-28,64.91056818181818,-0.3305669875543278,-0.18660512547798241
2022-04-29,65.801125,-0.017067548932984473,-0.3305669875543278
2022-05-02,68.16642857142857,0.605223008934292,-0.017067548932984473
2022-05-03,65.93905405405405,-0.04888954049421706,0.605223008934292
2022-05-04,54.00236842105264,-2.7073207193932167,-0.04888954049421706
2022-05-05,61.70162790697674,-0.9078887314770658,-2.7073207193932167
2022-05-06,62.008452380952384,-0.7585958076987537,-0.9078887314770658
2022-05-09,61.21963414634146,-0.9408291025102543,-0.7585958076987537
2022-05-10,65.49214285714285,0.14787185016535853,-0.9408291025102543
2022-05-11,61.336282051282055,-0.8196252602351993,0.14787185016535853
2022-05-12,58.81738095238095,-1.3226565516975568,-0.8196252602351993
2022-05-13,63.78,-0.036167568399488814,-1.3226565516975568
2022-05-16,59.84225,-0.9581005325214347,-0.036167568399488814
2022-05-17,64.857,0.29931168301042527,-0.9581005325214347
2022-05-18,59.62731707317073,-0.9490921838909031,0.29931168301042527
2022-05-19,68.92067567567568,1.2359320484498886,-0.9490921838909031
2022-05-20,65.47130952380952,0.4453269047237629,1.2359320484498886
2022-05-23,65.278,0.3524671566201581,0.4453269047237629
2022-05-24,69.86423076923076,1.681308702483306,0.3524671566201581
2022-05-25,61.364875,-0.571746823816376,1.681308702483306
2022-05-26,69.82558139534883,1.531871088569334,-0.571746823816376
2022-05-27,60.51625000000001,-0.7439143980599435,1.531871088569334
2022-05-31,72.61186046511628,1.9602724395922018,-0.7439143980599435
2022-06-01,69.99346153846155,1.3246406047886528,1.9602724395922018
2022-06-02,62.853095238095236,-0.20325060247674015,1.3246406047886528
2022-06-03,63.62144736842106,-0.15513924998525916,-0.20325060247674015
2022-06-06,66.87297619047618,0.6015035062961126,-0.15513924998525916
2022-06-07,65.37369047619049,0.18531122419139948,0.6015035062961126
2022-06-08,70.37544117647059,1.3102479453945484,0.18531122419139948
2022-06-09,61.137926829268295,-0.9045624045282402,1.3102479453945484
2022-06-10,59.49011904761905,-1.2527042977631675,-0.9045624045282402
2022-06-13,68.79299999999999,0.8656149118452284,-1.2527042977631675
2022-06-14,60.89511363636364,-1.011344828626093,0.8656149118452284
2022-06-15,63.31733333333334,-0.48950681146100655,-1.011344828626093
2022-06-16,59.60066666666667,-1.2903042779478588,-0.48950681146100655
2022-06-17,66.56025,0.2952228758497094,-1.2903042779478588
2022-06-21,68.23116279069768,0.7222008075560271,0.2952228758497094
2022-06-22,64.58560975609757,-0.17640429039109906,0.7222008075560271
2022-06-23,64.87544444444444,-0.09936832554301271,-0.17640429039109906
2022-06-24,57.204861111111114,-1.7633531446567492,-0.09936832554301271
2022-06-27,70.62693181818182,1.2667075957830567,-1.7633531446567492
2022-06-28,61.74046511627906,-0.6991302117287581,1.2667075957830567
2022-06-29,70.83653846153845,1.2894564085117164,-0.6991302117287581
2022-06-30,67.89853658536586,0.7137817641161517,1.2894564085117164
2022-07-01,63.952374999999996,-0.1930577150891639,0.7137817641161517
2022-07-05,77.65107142857143,2.5546038014859302,-0.1930577150891639
2022-07-06,66.36727272727273,0.17269939545808385,2.5546038014859302
2022-07-07,65.44329268292684,-0.006471812243998421,0.17269939545808385
2022-07-08,61.61907894736842,-0.7593423812198895,-0.006471812243998421
2022-07-11,69.01576086956521,0.7920800807117783,-0.7593423812198895
2022-07-12,61.73315789473685,-0.7414979038433663,0.7920800807117783
2022-07-13,60.61869047619047,-1.0003269069438783,-0.7414979038433663
2022-07-14,61.91658536585366,-0.6560662372443739,-1.0003269069438783
2022-07-15,63.88,-0.2716772336209516,-0.6560662372443739
2022-07-18,71.74279069767442,1.2975410825064588,-0.2716772336209516
2022-07-19,61.391363636363636,-0.8996750651790013,1.2975410825064588
2022-07-20,65.88293478260869,0.0642627706715295,-0.8996750651790013
2022-07-21,61.859125000000006,-0.7251554245459133,0.0642627706715295
2022-07-22,67.4609090909091,0.4320127292644352,-0.7251554245459133
2022-07-25,66.38434782608695,0.18938820336011591,0.4320127292644352
2022-07-26,56.951874999999994,-1.7902724923115376,0.18938820336011591
2022-07-27,65.74081395348837,0.10806941036839991,-1.7902724923115376
2022-07-28,65.73059523809523,0.06566282314753721,0.10806941036839991
2022-07-29,69.4479268292683,0.913027892339834,0.06566282314753721
2022-08-01,73.91975609756098,1.714928929680116,0.913027892339834
2022-08-02,59.78052631578947,-1.1398507171354648,1.714928929680116
2022-08-03,65.66634146341464,0.18988212090892684,-1.1398507171354648
2022-08-04,63.92925,-0.20376217023873805,0.18988212090892684
2022-08-05,67.83114285714285,0.7081930530234842,-0.20376217023873805
2022-08-08,65.74434210526316,0.16260237446148373,0.7081930530234842
2022-08-09,63.91513888888889,-0.22954002068496468,0.16260237446148373
2022-08-10,67.8797435897436,0.689398885722644,-0.22954002068496468
2022-08-11,62.91276315789474,-0.5969108547411257,0.689398885722644
2022-08-12,67.94484375,0.6275580088247429,-0.5969108547411257
2022-08-15,63.073095238095235,-0.6217976434683955,0.6275580088247429
2022-08-16,64.63448717948718,-0.14203329457104774,-0.6217976434683955
2022-08-17,61.53916666666667,-1.0043525588950248,-0.14203329457104774
2022-08-18,60.39940476190476,-1.2015406868773353,-1.0043525588950248
2022-08-19,61.75180555555555,-0.8375370657091046,-1.2015406868773353
2022-08-22,72.70532608695652,1.8532260455972518,-0.8375370657091046
2022-08-23,64.22012500000001,-0.19963024053836012,1.8532260455972518
2022-08-24,60.54690476190476,-1.2301999083527861,-0.19963024053836012
2022-08-25,63.860897435897435,-0.3306337277494381,-1.2301999083527861
2022-08-26,56.235555555555564,-1.9801267955518596,-0.3306337277494381
2022-08-29,68.87869047619047,1.0037757776337128,-1.9801267955518596
2022-08-30,61.498684210526314,-0.6885847822995047,1.0037757776337128
2022-08-31,60.35333333333334,-1.0141861855177408,-0.6885847822995047
2022-09-01,63.43243902439024,-0.14616023832532357,-1.0141861855177408
2022-09-02,67.58800000000001,0.9229925278281136,-0.14616023832532357
2022-09-06,70.36166666666666,1.5652606464455876,0.9229925278281136
2022-09-07,65.39821428571429,0.29649750738592245,1.5652606464455876
2022-09-08,71.12055555555555,1.5670395173367104,0.29649750738592245
2022-09-09,67.37890243902439,0.678277871156105,1.5670395173367104
2022-09-12,72.71875,1.7110933376842983,0.678277871156105
2022-09-13,67.20349999999999,0.49380374120429,1.7110933376842983
2022-09-14,65.63837500000001,0.11703092576335986,0.49380374120429
2022-09-15,62.382386363636364,-0.5851102192064485,0.11703092576335986
2022-09-16,65.87974999999999,0.14989380085775428,-0.5851102192064485
2022-09-19,65.77142857142857,0.0697593107343895,0.14989380085775428
2022-09-20,60.615972222222226,-1.1067429076670379,0.0697593107343895
2022-09-21,62.09646341463415,-0.6943321479916412,-1.1067429076670379
2022-09-22,61.07510869565217,-0.890716401974397,-0.6943321479916412
2022-09-23,57.524,-1.6339713118992325,-0.890716401974397
2022-09-26,68.64315217391305,0.8577240744719535,-1.6339713118992325
2022-09-27,61.55680555555556,-0.8764570263541592,0.8577240744719535
2022-09-28,58.81943181818182,-1.392274341180022,-0.8764570263541592
2022-09-29,66.09,0.30362761850146675,-1.392274341180022
2022-09-30,61.11322580645161,-0.9229936228340083,0.30362761850146675
2022-10-03,71.8275,1.5121862689351624,-0.9229936228340083
2022-10-04,65.20197674418604,0.009129502196175416,1.5121862689351624
2022-10-05,66.706125,0.4138353350124262,0.009129502196175416
2022-10-06,57.79923076923077,-1.5397474211355453,0.4138353350124262
2022-10-07,64.575,0.06221374570331913,-1.5397474211355453
2022-10-10,66.83144444444444,0.6112840838574057,0.06221374570331913
2022-10-11,58.62857142857143,-1.2936948786162246,0.6112840838574057
2022-10-12,62.05569444444444,-0.3484453668430591,-1.2936948786162246
2022-10-13,52.39153846153846,-2.3352174048696264,-0.3484453668430591
2022-10-14,64.77184210526316,0.43022452394788585,-2.3352174048696264
2022-10-17,60.51068181818182,-0.4722112794635386,0.43022452394788585
2022-10-18,59.58154761904761,-0.617758741373902,-0.4722112794635386
2022-10-19,57.500952380952384,-1.030115231977216,-0.617758741373902
2022-10-20,63.96477777777778,0.37879325765206706,-1.030115231977216
2022-10-21,65.06524999999999,0.5754096013836841,0.37879325765206706
2022-10-24,66.09804347826088,0.7245336541177774,0.5754096013836841
2022-10-25,60.15046511627907,-0.5297961182458695,0.7245336541177774
2022-10-26,64.35708333333334,0.41136657246020014,-0.5297961182458695
2022-10-27,68.49875,1.2333649988912412,0.41136657246020014
2022-10-28,66.09769230769231,0.6913080174246589,1.2333649988912412
2022-10-31,71.21890243902439,1.6220186602931126,0.6913080174246589
2022-11-01,63.17644736842105,0.01667436155059883,1.6220186602931126
2022-11-02,66.84230769230768,0.8310450624509694,0.01667436155059883
2022-11-03,57.450121951219515,-1.1767693093220148,0.8310450624509694
2022-11-04,60.61347222222222,-0.5161379235954658,-1.1767693093220148
2022-11-07,57.547872340425535,-1.1064956144879918,-0.5161379235954658
2022-11-08,61.068333333333335,-0.27148069785452206,-1.1064956144879918
2022-11-09,56.51764705882353,-1.2489951436891078,-0.27148069785452206
2022-11-10,58.089999999999996,-0.8433415611783658,-1.2489951436891078
2022-11-11,65.78150000000001,0.7693746819658605,-0.8433415611783658
2022-11-14,70.72333333333334,1.753548067118027,0.7693746819658605
2022-11-15,67.67414285714285,0.9760281325639396,1.753548067118027
2022-11-16,61.9103947368421,-0.32143505127110716,0.9760281325639396
2022-11-17,66.2925,0.5853319446794739,-0.32143505127110716
2022-11-18,62.68765625,-0.2362256070847675,0.5853319446794739
2022-11-21,73.31658536585365,1.9213017896648625,-0.2362256070847675
2022-11-22,58.853235294117646,-0.9994326687980751,1.9213017896648625
2022-11-23,69.1615625,1.0018196001428337,-0.9994326687980751
2022-11-25,67.44171052631579,0.6197264304834481,1.0018196001428337
2022-11-28,68.63691176470587,0.8555827453165907,0.6197264304834481
2022-11-29,64.68871428571428,0.0833701471821699,0.8555827453165907
2022-11-30,64.92730769230769,0.20103564019334064,0.0833701471821699
2022-12-01,63.54684782608696,-0.09307815103943873,0.20103564019334064
2022-12-02,64.52837837837838,0.13790596281106962,-0.09307815103943873
2022-12-05,66.0546052631579,0.3932040115823015,0.13790596281106962
2022-12-06,58.48972222222222,-1.2385171002444615,0.3932040115823015
2022-12-07,63.85597222222222,-0.14547986178326772,-1.2385171002444615
2022-12-08,65.62027777777779,0.21401523470698347,-0.14547986178326772
2022-12-09,64.60621951219511,-0.12574471598563422,0.21401523470698347
2022-12-12,64.45725,-0.26718145222510065,-0.12574471598563422
2022-12-13,66.8207894736842,0.3920156739689831,-0.26718145222510065
2022-12-14,55.22208333333334,-2.399501349181544,0.3920156739689831
2022-12-15,64.63730769230769,0.019907618791976753,-2.399501349181544
2022-12-16,57.76828571428572,-1.596139823968772,0.019907618791976753
2022-12-19,64.16767441860465,-0.022813450291234435,-1.596139823968772
2022-12-20,73.087625,1.845098343164658,-0.022813450291234435
2022-12-21,66.64552631578947,0.5384146454390991,1.845098343164658
2022-12-22,59.586323529411764,-1.2064501419274862,0.5384146454390991
2022-12-23,63.958888888888886,-0.0684025742307647,-1.2064501419274862
2022-12-27,74.60773809523809,2.244440264885932,-0.0684025742307647
2022-12-28,64.55818181818181,0.042293885881905455,2.244440264885932
2022-12-29,62.63552631578947,-0.37346158286930825,0.042293885881905455
2022-12-30,61.88588235294118,-0.5080231984563808,-0.37346158286930825
2023-01-03,68.64261363636363,0.9438507636880517,-0.5080231984563808
2023-01-04,67.94297297297297,0.7422823959368283,0.9438507636880517
2023-01-05,69.70872093023256,1.059525527407226,0.7422823959368283
2023-01-06,67.60544117647058,0.5430442788567716,1.059525527407226
2023-01-09,70.01272727272728,0.9854565168675938,0.5430442788567716
2023-01-10,65.62157894736842,0.039728285513463774,0.9854565168675938
2023-01-11,60.500897435897436,-0.994952994873295,0.039728285513463774
2023-01-12,63.95779069767442,-0.26415368090652386,-0.994952994873295
2023-01-13,67.92166666666667,0.5529975432260463,-0.26415368090652386
2023-01-17,79.98931818181818,2.590783886666315,0.5529975432260463
2023-01-18,68.331875,0.326612081116674,2.590783886666315
2023-01-19,56.70926829268292,-1.8550988178214838,0.326612081116674
2023-01-20,61.085,-0.9841512668992005,-1.8550988178214838
2023-01-23,75.09533333333334,1.5392789294845504,-0.9841512668992005
2023-01-24,66.56244186046511,0.007620352133917042,1.5392789294845504
2023-01-25,60.68860465116279,-1.068910374903733,0.007620352133917042
2023-01-26,69.93181818181819,0.5573418462297534,-1.068910374903733
2023-01-27,65.94565789473684,-0.0954674060367305,0.5573418462297534
2023-01-30,67.58353658536585,0.19092007946739062,-0.0954674060367305
2023-01-31,60.80416666666667,-1.0757735112190012,0.19092007946739062
2023-02-01,56.92273809523809,-1.6642862780314884,-1.0757735112190012
2023-02-02,70.30000000000001,0.6989716322537769,-1.6642862780314884
2023-02-03,62.359880952380955,-0.6509432572432422,0.6989716322537769
2023-02-06,59.17782608695652,-1.0960254095246806,-0.6509432572432422
2023-02-07,65.64848837209303,0.0283735732595523,-1.0960254095246806
2023-02-08,61.481750000000005,-0.6214596026306807,0.0283735732595523
2023-02-09,63.29272727272728,-0.28869765385218754,-0.6214596026306807
2023-02-10,65.90636363636364,0.11961268731601384,-0.28869765385218754
2023-02-13,71.67693181818183,1.0370052243573877,0.11961268731601384
2023-02-14,63.945465116279074,-0.2487987698860054,1.0370052243573877
2023-02-15,56.18611111111112,-1.569329435143148,-0.2487987698860054
2023-02-16,65.88277777777778,0.34069944443322725,-1.569329435143148
2023-02-17,61.28448717948718,-0.6376906696812555,0.34069944443322725
2023-02-21,64.55978260869564,0.005166808691979825,-0.6376906696812555
2023-02-22,67.4720731707317,0.7875750708636327,0.005166808691979825
2023-02-23,63.75568181818182,-0.06805438543722168,0.7875750708636327
2023-02-24,55.293000000000006,-1.8768703352901803,-0.06805438543722168
2023-02-27,63.51282608695652,0.008610417416800045,-1.8768703352901803
2023-02-28,70.50774193548386,1.5019387607252217,0.008610417416800045
2023-03-01,62.38081395348838,-0.23891829505597037,1.5019387607252217
2023-03-02,67.52686046511627,0.8363227327829799,-0.23891829505597037
2023-03-03,61.95205882352941,-0.4839865795643924,0.8363227327829799
2023-03-06,60.128,-0.8348113105159738,-0.4839865795643924
2023-03-07,68.46841463414634,1.1106060336087842,-0.8348113105159738
2023-03-08,66.43731707317073,0.5574957064160107,1.1106060336087842
2023-03-09,65.23964285714285,0.2698579560443404,0.5574957064160107
2023-03-10,66.12369047619048,0.4349214712079434,0.2698579560443404
2023-03-13,63.919886363636365,-0.11565985001582371,0.4349214712079434
2023-03-14,64.8497435897436,0.12663828440881605,-0.11565985001582371
2023-03-15,63.27677777777778,-0.1799689135516055,0.12663828440881605
2023-03-16,57.81943181818182,-1.4901354681644345,-0.1799689135516055
2023-03-17,60.6925,-0.882330260526899,-1.4901354681644345
2023-03-20,72.53677777777779,2.0671963073128032,-0.882330260526899
2023-03-21,66.65348837209302,0.5520462912743673,2.0671963073128032
2023-03-22,59.56916666666666,-1.1126402963247175,0.5520462912743673
2023-03-23,65.36130952380952,0.30870957008827427,-1.1126402963247175
2023-03-24,61.263999999999996,-0.6542463575811431,0.30870957008827427
2023-03-27,67.74524390243903,0.8559237835286472,-0.6542463575811431
2023-03-28,69.45551282051282,1.1957197955985879,0.8559237835286472
2023-03-29,61.07209302325581,-0.8993463097869586,1.1957197955985879
2023-03-30,70.49674999999999,1.4629865996996028,-0.8993463097869586
2023-03-31,67.72828947368421,0.7494071438410942,1.4629865996996028
2023-04-03,67.37544444444444,0.5958484304435222,0.7494071438410942
2023-04-04,63.36477272727272,-0.4930920258752962,0.5958484304435222
2023-04-05,60.24857142857143,-1.1976158491794116,-0.4930920258752962
2023-04-06,67.47833333333332,0.6781377654622538,-1.1976158491794116
2023-04-10,74.86888888888889,2.1568787239610208,0.6781377654622538
2023-04-11,63.007272727272735,-0.48858500547591804,2.1568787239610208
2023-04-12,67.10499999999999,0.39786809162679976,-0.48858500547591804
2023-04-13,63.36780487804879,-0.4230085996025675,0.39786809162679976
2023-04-14,65.596875,0.05054279189506138,-0.4230085996025675
2023-04-17,68.37988636363636,0.6046267843541558,0.05054279189506138
2023-04-18,67.07585106382979,0.22571720478060203,0.6046267843541558
2023-04-19,71.61272727272727,1.4026390980554235,0.22571720478060203
2023-04-20,70.06477777777778,0.9423807278830819,1.4026390980554235
2023-04-21,68.40702380952382,0.45538456796299287,0.9423807278830819
2023-04-24,66.98734042553191,0.05193865814842055,0.45538456796299287
2023-04-25,63.14234042553192,-1.0463646521359633,0.05193865814842055
2023-04-26,65.21284090909091,-0.4322757884837689,-1.0463646521359633
2023-04-27,67.71933333333334,0.2928780357620814,-0.4322757884837689
2023-04-28,66.53802325581395,-0.12223453049564853,0.2928780357620814
2023-05-01,63.76022222222222,-0.8754397844983864,-0.12223453049564853
2023-05-02,59.18755555555556,-1.9335645600262814,-0.8754397844983864
2023-05-03,64.02449999999999,-0.5556137877884124,-1.9335645600262814
2023-05-04,59.36931818181819,-1.6666768136732208,-0.5556137877884124
2023-05-05,61.898048780487805,-1.0663022195508942,-1.6666768136732208
2023-05-08,67.96659090909091,0.525723648494467,-1.0663022195508942
2023-05-09,61.394999999999996,-1.1780844788538016,0.525723648494467
2023-05-10,61.74999999999999,-1.036767110126588,-1.1780844788538016
2023-05-11,68.66034883720931,0.9630638867320946,-1.036767110126588
2023-05-12,62.794027777777785,-0.7260394702634679,0.9630638867320946
2023-05-15,65.89815217391303,0.16494539063072833,-0.7260394702634679
2023-05-16,58.353846153846156,-1.7507617991979874,0.16494539063072833
2023-05-17,60.11855263157895,-1.1544800335146548,-1.7507617991979874
2023-05-18,65.76357142857144,0.44029654361133863,-1.1544800335146548
2023-05-19,61.596125,-0.6918210885206683,0.44029654361133863
2023-05-22,66.38659090909091,0.8479787668071809,-0.6918210885206683
2023-05-23,64.24324324324324,0.2091088176170364,0.8479787668071809
2023-05-24,56.24341463414634,-2.048205345140957,0.2091088176170364
2023-05-25,66.76573170731707,0.9761025208474139,-2.048205345140957
2023-05-26,66.51868421052632,0.9394593564352737,0.9761025208474139
2023-05-30,68.65222222222222,1.4768565269905105,0.9394593564352737
2023-05-31,68.867875,1.392683179897106,1.4768565269905105
2023-06-01,67.87255319148936,1.0274150490476928,1.392683179897106
2023-06-02,52.576710526315786,-2.4392742742270874,1.0274150490476928
2023-06-05,69.77818181818182,1.2617669908084288,-2.4392742742270874
2023-06-06,64.37152777777779,0.054720558897336374,1.2617669908084288
2023-06-07,71.58276315789473,1.5290006607830255,0.054720558897336374
2023-06-08,65.80988636363637,0.27591552395082086,1.5290006607830255
2023-06-09,63.792307692307695,-0.1726557394639817,0.27591552395082086
2023-06-12,70.94488095238096,1.2948138150035036,-0.1726557394639817
2023-06-13,66.93337209302325,0.42045629837179144,1.2948138150035036
2023-06-14,74.49257142857142,1.7474178963450908,0.42045629837179144
2023-06-15,63.26880952380952,-0.45382401853531684,1.7474178963450908
2023-06-16,63.4165,-0.4676084686180709,-0.45382401853531684
2023-06-20,68.98571428571428,0.6306418550860743,-0.4676084686180709
2023-06-21,64.19884615384616,-0.3666920813923493,0.6306418550860743
2023-06-22,64.0808888888889,-0.36712650148762427,-0.3666920813923493
2023-06-23,62.370000000000005,-0.6919686521697861,-0.36712650148762427
2023-06-26,75.42999999999999,1.7968876975024242,-0.6919686521697861
2023-06-27,70.30633333333334,0.6984110956408384,1.7968876975024242
2023-06-28,62.39807692307693,-0.8519888416270547,0.6984110956408384
2023-06-29,63.724318181818184,-0.5389578642272981,-0.8519888416270547
2023-06-30,59.49109756097562,-1.2449658655225306,-0.5389578642272981
2023-07-03,75.57651162790697,1.64138163446309,-1.2449658655225306
2023-07-05,74.973,1.5231027252459688,1.64138163446309
2023-07-06,64.3520652173913,-0.5665103424632418,1.5231027252459688
2023-07-07,61.952380952380956,-1.0070326082038008,-0.5665103424632418
2023-07-10,63.4172619047619,-0.6476009085265049,-1.0070326082038008
2023-07-11,64.93840909090909,-0.33504279273552634,-0.6476009085265049
2023-07-12,69.51023255813953,0.5216655840297677,-0.33504279273552634
2023-07-13,67.97193181818182,0.24710572671655026,0.5216655840297677
2023-07-14,65.7635,-0.18871095290372383,0.24710572671655026
2023-07-17,70.22133333333333,0.7956218958817647,-0.18871095290372383
2023-07-18,67.4133695652174,0.15619043882099987,0.7956218958817647
2023-07-19,70.56755813953488,0.7621175875700442,0.15619043882099987
2023-07-20,67.39943181818182,0.09617313525648113,0.7621175875700442
2023-07-21,62.410111111111114,-0.9509708017619025,0.09617313525648113
2023-07-24,77.979375,1.9990003793882136,-0.9509708017619025
2023-07-25,64.10916666666667,-0.6801505165083183,1.9990003793882136
2023-07-26,67.75011627906977,0.10369679703676983,-0.6801505165083183
2023-07-27,69.0971111111111,0.3968098329540361,0.10369679703676983
2023-07-28,68.88650000000001,0.2958030170244288,0.3968098329540361
2023-07-31,80.7230487804878,2.2931034018415035,0.2958030170244288
2023-08-01,72.14420454545454,0.6366678877255636,2.2931034018415035
2023-08-02,54.65555555555556,-2.3199814607334943,0.6366678877255636
2023-08-03,64.49648936170213,-0.5288136278592138,-2.3199814607334943
2023-08-04,61.461395348837215,-1.0319381750905996,-0.5288136278592138
2023-08-07,63.607272727272736,-0.6733082196903253,-1.0319381750905996
2023-08-08,64.99515151515152,-0.44126126544413075,-0.6733082196903253
2023-08-09,63.70249999999999,-0.6604393076461331,-0.44126126544413075
2023-08-10,65.98622222222222,-0.22009080919288904,-0.6604393076461331
2023-08-11,72.87934210526316,0.9573759102176705,-0.22009080919288904
2023-08-14,74.31539473684211,1.1039750665239845,0.9573759102176705
2023-08-15,61.334,-1.0154299638711757,1.1039750665239845
2023-08-16,65.67973684210526,-0.27656569155895544,-1.0154299638711757
2023-08-17,66.27734042553192,-0.14415367892993394,-0.27656569155895544
2023-08-18,69.58565789473684,0.391218497927561,-0.14415367892993394
2023-08-21,63.34079545454545,-0.662255796107979,0.391218497927561
2023-08-22,58.19761904761904,-1.4187604326726164,-0.662255796107979
2023-08-23,76.12551282051282,1.5107326400833139,-1.4187604326726164
2023-08-24,65.63422222222222,-0.19368322738078572,1.5107326400833139
2023-08-25,60.5125,-0.9468972960867044,-0.19368322738078572
2023-08-28,66.89619047619047,0.09423545675897053,-0.9468972960867044
2023-08-29,66.14153846153846,0.09982257183133456,0.09423545675897053
2023-08-30,66.20565789473685,0.1729475164330855,0.09982257183133456
2023-08-31,72.04877777777779,1.2786554088559026,0.1729475164330855
2023-09-01,67.30581395348837,0.21968467776960662,1.2786554088559026
2023-09-05,70.34488636363636,0.7995049586717778,0.21968467776960662
2023-09-06,71.1375,0.8875699051121068,0.7995049586717778
2023-09-07,65.75877777777778,-0.29743678324603134,0.8875699051121068
2023-09-08,71.01326086956522,0.7778338722381667,-0.29743678324603134
2023-09-11,73.12010416666666,1.1284748919175738,0.7778338722381667
2023-09-12,64.58321428571429,-0.6124000084325396,1.1284748919175738
2023-09-13,69.29536585365854,0.4879113330854301,-0.6124000084325396
2023-09-14,70.04511363636364,0.5879289454303485,0.4879113330854301
2023-09-15,64.07512820512821,-0.8097539975676858,0.5879289454303485
2023-09-18,69.24348837209303,0.37586553472961043,-0.8097539975676858
2023-09-19,66.564625,-0.22231916512386823,0.37586553472961043
2023-09-20,55.286625,-2.4003317328750033,-0.22231916512386823
2023-09-21,65.51,-0.4344874084939982,-2.4003317328750033
2023-09-22,63.29171052631579,-0.863344881305263,-0.4344874084939982
2023-09-25,68.47571428571429,0.3585386633736973,-0.863344881305263
2023-09-26,69.44,0.5201377895777841,0.3585386633736973
2023-09-27,65.65068181818182,-0.43748454170757956,0.5201377895777841
2023-09-28,69.10360465116278,0.4099112621277067,-0.43748454170757956
2023-09-29,72.1939024390244,1.0941198124154012,0.4099112621277067
2023-10-02,78.33052083333334,2.246951080737116,1.0941198124154012
2023-10-03,73.35244444444444,1.0602344679295956,2.246951080737116
2023-10-04,71.20602564102563,0.5918103015740351,1.0602344679295956
2023-10-05,67.93166666666667,-0.07030533814734985,0.5918103015740351
2023-10-06,66.3605,-0.41353888444535775,-0.07030533814734985
2023-10-09,63.65116279069767,-0.9073575648615604,-0.41353888444535775
2023-10-10,67.98857142857143,0.06433582285401121,-0.9073575648615604
2023-10-11,69.45921052631579,0.3382089908651361,0.06433582285401121
2023-10-12,71.58044444444445,0.771787141359573,0.3382089908651361
2023-10-13,61.45256097560976,-1.2904089465288644,0.771787141359573
2023-10-16,68.93953488372094,0.22914032113853536,-1.2904089465288644
2023-10-17,70.42731707317074,0.5296054285747243,0.22914032113853536
2023-10-18,57.332499999999996,-1.9227377706747681,0.5296054285747243
2023-10-19,68.82032608695651,0.15663009245263476,-1.9227377706747681
2023-10-20,62.015795454545454,-1.279066122965984,0.15663009245263476
2023-10-23,69.10977777777778,0.19465928964181622,-1.279066122965984
2023-10-24,75.81988095238094,1.5034646109732104,0.19465928964181622
2023-10-25,69.06750000000001,0.1051024117856876,1.5034646109732104
2023-10-26,73.5546875,0.9455052292672435,0.1051024117856876
2023-10-27,65.73448717948718,-0.6169860060637691,0.9455052292672435
2023-10-30,70.33395348837209,0.33679111080357316,-0.6169860060637691
2023-10-31,67.45477272727273,-0.1643277421772326,0.33679111080357316
2023-11-01,69.26761363636363,0.3070380150758313,-0.1643277421772326
2023-11-02,74.12414893617022,1.3774506544244562,0.3070380150758313
2023-11-03,66.83675,-0.28063716560936675,1.3774506544244562
2023-11-06,71.76423913043479,0.778294965944935,-0.28063716560936675
2023-11-07,72.95642857142856,0.9530178971730002,0.778294965944935
2023-11-08,64.1825641025641,-0.9756537926491995,0.9530178971730002
2023-11-09,70.09255555555556,0.32752781612163523,-0.9756537926491995
2023-11-10,64.2275641025641,-0.8846252440310262,0.32752781612163523
2023-11-13,69.36053191489361,0.16817300533141058,-0.8846252440310262
2023-11-14,72.45959459459459,0.8359439159267985,0.16817300533141058
2023-11-15,69.35972972972972,0.13860232303937298,0.8359439159267985
2023-11-16,63.14941860465117,-1.575741990971427,0.13860232303937298
2023-11-17,66.702125,-0.591770687394546,-1.575741990971427
2023-11-20,65.66292682926829,-0.98122626916564,-0.591770687394546
2023-11-21,66.57452380952381,-0.6786529317654535,-0.98122626916564
2023-11-22,65.59231707317073,-0.8921897134865305,-0.6786529317654535
2023-11-24,65.40779069767441,-0.8777487586649502,-0.8921897134865305
2023-11-27,70.17325581395349,0.6418486796290818,-0.8777487586649502
2023-11-28,65.52618421052631,-0.8362933080805955,0.6418486796290818
2023-11-29,68.95454545454545,0.27917066372093696,-0.8362933080805955
2023-11-30,68.85,0.22408914090086346,0.27917066372093696
2023-12-01,60.615249999999996,-2.035270245339162,0.22408914090086346
2023-12-04,71.12024390243903,1.0730131147946462,-2.035270245339162
2023-12-05,65.2128947368421,-0.6952942936292916,1.0730131147946462
2023-12-06,69.16976744186046,0.5537616862862512,-0.6952942936292916
2023-12-07,65.98844444444445,-0.3656885549813046,0.5537616862862512
2023-12-08,61.41211111111111,-1.7599108124624636,-0.3656885549813046
2023-12-11,72.334,1.6113654239956106,-1.7599108124624636
2023-12-12,73.51822222222222,1.7216587268104009,1.6113654239956106
2023-12-13,75.73380434782608,2.023908511704155,1.7216587268104009
2023-12-14,65.7722972972973,-0.44651678946599266,2.023908511704155
2023-12-15,63.99066666666666,-0.8380062582476163,-0.44651678946599266
2023-12-18,74.23375,1.6169445419346349,-0.8380062582476163
2023-12-19,88.11,3.2372712276076627,1.6169445419346349
2023-12-20,68.67999999999999,-0.037628429414439446,3.2372712276076627
2023-12-21,87.14999999999999,2.4274835987518486,-0.037628429414439446
2023-12-22,73.83500000000001,0.5018954246556727,2.4274835987518486
2023-12-26,98.115,2.8454180148735206,0.5018954246556727
2023-12-27,81.245,0.9401167138993166,2.8454180148735206
2023-12-28,87.895,1.4627329699768918,0.9401167138993166
2023-12-29,75.47500000000001,0.17660054544695267,1.4627329699768918
